_id,name,phoneNumber,region,languages[0],languages[1],languages[2],rating,password,__v
6742af1c4bc640afd037904e,Anant Arora,9584467729,Hyderabad,English,Hindi,Punjabi,5,abc@123,0
6742afc6cd838392a6329796,Arihant Marwaha,0000011111,Himachal,English,Hindi,Punjabi,5,abc@123,0
6742aff0cd838392a632979a,Colwin Thomas,1004467730,Kerala,English,Malayalam,,5,abc@123,0
6742b013cd838392a632979e,Harshil Bharadwaj,1004787730,"Abu, Rajasthan",Hindi,,,5,abc@123,0
67483da833e955f15bf88551,Anupam,1234567890,West Bengal,Bengali,,,5,abc@123,0
674849b533e955f15bf88561,Handa,555544441,Punjab,Punjabi,,,5,abc@123,0
6749d45eb6789fdbbe7a62a7,Aarav Sharma,9876543210,Delhi,Hindi,,,5,abc@123,
6749d45eb6789fdbbe7a62a8,Ananya Iyer,9123456789,Chennai,Tamil,,,5,abc@123,
6749d45eb6789fdbbe7a62a9,Rohan Gupta,9871234560,Mumbai,Marathi,,,5,abc@123,
6749d45eb6789fdbbe7a62aa,Kavya Nair,9812345678,Kochi,Malayalam,,,5,abc@123,
6749d45eb6789fdbbe7a62ab,Aditya Singh,9834567890,Lucknow,Hindi,,,5,abc@123,
6749d45eb6789fdbbe7a62ac,Priya Joshi,9876540987,Pune,Marathi,,,5,abc@123,
6749d45eb6789fdbbe7a62ad,Arjun Reddy,9877891234,Hyderabad,Telugu,,,5,abc@123,
6749d45eb6789fdbbe7a62ae,Meera Das,9876543211,Kolkata,Bengali,,,5,abc@123,
6749d45eb6789fdbbe7a62af,Siddharth Patil,9876543212,Nagpur,Marathi,,,5,abc@123,
6749d45eb6789fdbbe7a62b0,Nisha Rao,9876543213,Bangalore,Kannada,,,5,abc@123,
6749d45eb6789fdbbe7a62b1,Viraj Deshmukh,9876543214,Nashik,Marathi,,,5,abc@123,
6749d45eb6789fdbbe7a62b2,Aditi Mishra,9876543215,Varanasi,Hindi,,,5,abc@123,
6749d45eb6789fdbbe7a62b3,Krishna Verma,9876543216,Patna,Hindi,,,5,abc@123,
6749d45eb6789fdbbe7a62b4,Ishita Menon,9876543217,Thiruvananthapuram,Malayalam,,,5,abc@123,
6749d45eb6789fdbbe7a62b5,Rajesh Kumar,9876543218,Jaipur,Hindi,,,5,abc@123,
6749d45eb6789fdbbe7a62b6,Sneha Roy,9876543219,Siliguri,Bengali,,,5,abc@123,
6749d45eb6789fdbbe7a62b7,Karan Mehta,9876543220,Ahmedabad,Gujarati,,,5,abc@123,
6749d45eb6789fdbbe7a62b8,Pooja Choudhary,9876543221,Jaipur,Hindi,,,5,abc@123,
6749d45eb6789fdbbe7a62b9,Harsh Pandey,9876543222,Kanpur,Hindi,,,5,abc@123,
6749d45eb6789fdbbe7a62ba,Tanvi Kulkarni,9876543223,Pune,Marathi,,,5,abc@123,
